Name,ID,Address
"인천영종초등학교병설유치원","1ecec08c-f5cf-b044-e053-0a32095ab044","인천광역시 중구 하늘달빛로 133"
"뒤나미스유치원","df21a355-216d-4495-9e35-5676bdf6cdd3","인천광역시 중구 오작로 116"
"인천중산초등학교병설유치원","da3dfbd4-d6f3-405b-bfa0-52e1ae0b3822","인천광역시 중구 두미포로 100"
"인천연안초등학교병설유치원","c34f8713-5315-4121-99f2-d437ac1344eb","인천광역시 중구 연안부두로33번길 53"
"이튼유치원","b622e687-c041-43eb-b64c-ee331bb88d39","인천광역시 중구 남디로안길 34-7"
"인천신흥초등학교병설유치원","28bf30ed-4691-4677-b15b-cb4371725c8a","인천광역시 중구 제물량로 134"
"인천용유초등학교병설유치원","1ecec08d-0b97-b044-e053-0a32095ab044","인천광역시 중구 남북로87번길 4"
"초롱유치원","1ecec08d-0aa2-b044-e053-0a32095ab044","인천광역시 중구 영종대로27번길 6"
"무지개유치원","1ecec08d-0a2e-b044-e053-0a32095ab044","인천광역시 중구 눈돌로 35"
"해님나라유치원","1ecec08d-0a1f-b044-e053-0a32095ab044","인천광역시 중구 은골로 42"
"영종유치원","1ecec08d-0960-b044-e053-0a32095ab044","인천광역시 중구 백운로 57-25"
"지영유치원","1ecec08d-071b-b044-e053-0a32095ab044","인천광역시 중구 도원로8번길 28"
"박문유치원","1ecec08d-0682-b044-e053-0a32095ab044","인천광역시 중구 우현로50번길 2"
"인천공항유치원","1ecec08d-03f1-b044-e053-0a32095ab044","인천광역시 중구 신도시남로 43"
"자유유치원","1ecec08c-fd21-b044-e053-0a32095ab044","인천광역시 중구 자유공원로 105"
"인천송월초등학교병설유치원","1ecec08c-fa66-b044-e053-0a32095ab044","인천광역시 중구 자유공원로 106-8"
"인천신선초등학교병설유치원","1ecec08c-f8d3-b044-e053-0a32095ab044","인천광역시 중구 축항대로291번길 33"
"인천하늘초등학교병설유치원","1ecec08c-f6ea-b044-e053-0a32095ab044","인천광역시 중구 은하수로 294"
"인천별빛초등학교병설유치원","f61d8682-54be-450c-9ce3-61e77345ad38","인천광역시 중구 은하수로 402"
"예원유치원","0c403998-490f-4067-87f8-51a11625e05f","인천광역시 동구 송현로 63-3"
"인천송림초등학교병설유치원","1ecec08c-ed10-b044-e053-0a32095ab044","인천광역시 동구 화도진로 10"
"인천서림초등학교병설유치원","1ecec08c-f5cd-b044-e053-0a32095ab044","인천광역시 동구 금곡로 105"
"인천서흥초등학교병설유치원","1ecec08c-f5ce-b044-e053-0a32095ab044","인천광역시 동구 샛골로 189"
"송현유치원","1ecec08c-fc71-b044-e053-0a32095ab044","인천광역시 동구 화수로 40"
"솔빛유치원","1ecec08c-fe23-b044-e053-0a32095ab044","인천광역시 동구 화수로 2"
"인천송현초등학교병설유치원","1ecec08c-fea1-b044-e053-0a32095ab044","인천광역시 동구 송화로 45"
"인천만석초등학교병설유치원","1ecec08d-0316-b044-e053-0a32095ab044","인천광역시 동구 제물량로 412"
"산새소리유치원","1ecec08d-068e-b044-e053-0a32095ab044","인천광역시 동구 송림로117번길 6"
"인천창영초등학교병설유치원","1ecec08d-0b8b-b044-e053-0a32095ab044","인천광역시 동구 우각로15번길 16"
"재능대학교부속유치원","1ecec08d-0b8c-b044-e053-0a32095ab044","인천광역시 동구 재능로 178"
"한울유치원","1ecec08d-0c17-b044-e053-0a32095ab044","인천광역시 동구 솔빛로 17"
"인천연학초등학교병설유치원","01bab9c1-b52e-49a1-be0c-6235455ea1b3","인천광역시 미추홀구 주승로 20"
"인천인주초등학교병설유치원","1ecec08c-fe8f-b044-e053-0a32095ab044","인천광역시 미추홀구 매소홀로475번길 53"
"인천학익초등학교병설유치원","1ecec08c-fe90-b044-e053-0a32095ab044","인천광역시 미추홀구 한나루로403번길 122"
"노벨유치원","1ecec08d-0117-b044-e053-0a32095ab044","인천광역시 미추홀구 낙섬중로 74"
"국현유치원","1ecec08d-01a5-b044-e053-0a32095ab044","인천광역시 미추홀구 미추홀대로597번길 42"
"한빛유치원","1ecec08d-01a6-b044-e053-0a32095ab044","인천광역시 미추홀구 소성로 120"
"숭의유치원","1ecec08d-0267-b044-e053-0a32095ab044","인천광역시 미추홀구 독배로 485"
"도담유치원","1ecec08d-0548-b044-e053-0a32095ab044","인천광역시 미추홀구 인하로 319"
"반디유치원","1ecec08d-05d1-b044-e053-0a32095ab044","인천광역시 미추홀구 매소홀로 340"
"인천대화초등학교병설유치원","1ecec08d-063b-b044-e053-0a32095ab044","인천광역시 미추홀구 석정로301번길 13"
"연흥유치원","1ecec08d-0685-b044-e053-0a32095ab044","인천광역시 미추홀구 석정로434번길 12"
"인천용정초등학교병설유치원","1ecec08d-0721-b044-e053-0a32095ab044","인천광역시 미추홀구 독정안길 26"
"솔샘유치원","1ecec08d-095f-b044-e053-0a32095ab044","인천광역시 미추홀구 석산로 38"
"건영유치원","1ecec08d-0a30-b044-e053-0a32095ab044","인천광역시 미추홀구 인하로221번길 19"
"인천도화초등학교병설유치원","1ecec08d-0efa-b044-e053-0a32095ab044","인천광역시 미추홀구 경인로 242"
"인천주안초등학교병설유치원","330ad29a-af14-45ed-88fb-dd04c55a2566","인천광역시 미추홀구 남주길69번길 16"
"인천용학초등학교병설유치원","ac1d0c80-124b-4f19-b97d-2f46da23fb60","인천광역시 미추홀구 용정공원로83번길 9"
"프라임건영유치원","b18492cb-a887-4b3c-a666-6fdcd374c327","인천광역시 미추홀구 남주길11번길 79"
"소명유치원","1ecec08c-fe20-b044-e053-0a32095ab044","인천광역시 미추홀구 낙섬동로 71-1"
"다솜유치원","1ecec08c-fcd1-b044-e053-0a32095ab044","인천광역시 미추홀구 학익소로23번길 11"
"인천서화초등학교병설유치원","1ecec08c-fa65-b044-e053-0a32095ab044","인천광역시 미추홀구 송림로 250"
"용화유치원","1ecec08c-ed0e-b044-e053-0a32095ab044","인천광역시 미추홀구 주염로 29"
"인천문학초등학교병설유치원","1ecec08c-ed0f-b044-e053-0a32095ab044","인천광역시 미추홀구 매소홀로 553"
"인천숭의초등학교병설유치원","1ecec08c-ed11-b044-e053-0a32095ab044","인천광역시 미추홀구 장천로 99"
"인천용일초등학교병설유치원","1ecec08c-ed12-b044-e053-0a32095ab044","인천광역시 미추홀구 인주대로 244"
"금호유치원","1ecec08c-ef94-b044-e053-0a32095ab044","인천광역시 미추홀구 매소홀로 54"
"하늘유치원","1ecec08c-eff0-b044-e053-0a32095ab044","인천광역시 미추홀구 미추홀대로626번길 47"
"세종유치원","1ecec08c-eff3-b044-e053-0a32095ab044","인천광역시 미추홀구 낙섬서로 77"
"인천경원초등학교병설유치원","1ecec08c-f021-b044-e053-0a32095ab044","인천광역시 미추홀구 경인로 511"
"미주유치원","1ecec08c-f0f2-b044-e053-0a32095ab044","인천광역시 미추홀구 석정로461번길 19"
"진흥유치원","1ecec08c-f184-b044-e053-0a32095ab044","인천광역시 미추홀구 주승로 109"
"해승유치원","1ecec08c-f185-b044-e053-0a32095ab044","인천광역시 미추홀구 학익소로61번길 93"
"참빛유치원","1ecec08c-f462-b044-e053-0a32095ab044","인천광역시 미추홀구 수봉로135번길 31"
"동원유치원","1ecec08c-f523-b044-e053-0a32095ab044","인천광역시 미추홀구 인하로235번길 27"
"성바오로유치원","1ecec08c-f524-b044-e053-0a32095ab044","인천광역시 미추홀구 경인남길102번길 50"
"유원유치원","1ecec08c-f5cc-b044-e053-0a32095ab044","인천광역시 미추홀구 낙섬중로 102"
"신동아유치원","1ecec08c-f9cf-b044-e053-0a32095ab044","인천광역시 미추홀구 매소홀로475번길 18"
"그림나라유치원","1ecec08c-fa5e-b044-e053-0a32095ab044","인천광역시 미추홀구 소성로332번길 10"
"밀알유치원","ed682c34-db69-462c-acbd-0d09741b387d","인천광역시 미추홀구 장고개로42번길 42"
"청학숲유치원","1ecec08c-ed9d-b044-e053-0a32095ab044","인천광역시 연수구 청학로 49"
"인천송원초등학교병설유치원","1ecec08d-063a-b044-e053-0a32095ab044","인천광역시 연수구 송도과학로51번길 60"
"인천신정초등학교병설유치원","1ecec08d-068b-b044-e053-0a32095ab044","인천광역시 연수구 아트센터대로97번길 72"
"작은꽃예능유치원","1ecec08d-0724-b044-e053-0a32095ab044","인천광역시 연수구 먼우금로 123"
"부광예능유치원","1ecec08d-0b94-b044-e053-0a32095ab044","인천광역시 연수구 원인재로 56"
"하늘땅유치원","1ecec08d-0b9e-b044-e053-0a32095ab044","인천광역시 연수구 함박안로156번길 15-12"
"인천먼우금초등학교병설유치원","1ecec08d-0e4e-b044-e053-0a32095ab044","인천광역시 연수구 해돋이로84번길 33"
"부광유치원","1ecec08d-0e71-b044-e053-0a32095ab044","인천광역시 연수구 원인재로 124"
"꿈동산유치원","1ecec08d-0fd4-b044-e053-0a32095ab044","인천광역시 연수구 용담로 3"
"인천송도꿈유치원","2d75c049-ea01-40f6-9962-d0078c3694ed","인천광역시 연수구 송도교육로 79"
"인천새봄초등학교병설유치원","39f51a3a-a16e-4a8d-96fc-07f0a880c6c1","인천광역시 연수구 앵고개로104번길 34"
"인천미송유치원","42dc4f3a-7e4f-43f1-9f5e-5a7e10adaf6c","인천광역시 연수구 아카데미로 655"
"유엔유치원","5c437f22-377a-4288-bbc1-f764c30b6edd","인천광역시 연수구 랜드마크로 113"
"인천송담초등학교병설유치원","6e18ab81-882a-45f4-b09b-67c029cf9a94","인천광역시 연수구 아카데미로 627"
"인천청학초등학교병설유치원","7942fa96-c8b1-486d-a359-b37e3de59468","인천광역시 연수구 함박뫼로 25"
"인천예송초등학교병설유치원","7be41288-f587-4fc9-b94f-87bee5683810","인천광역시 연수구 컨벤시아대로252번길 75"
"인천송빛초등학교병설유치원","8aee365b-2354-4017-b432-4f5b67bd1dda","인천광역시 연수구 아카데미로343번길 27"
"인천은송초등학교병설유치원","9bb4a82d-0860-47c4-9e4e-69d1c182d86f","인천광역시 연수구 센트럴로 460"
"인천송일초등학교병설유치원","a77776e1-d229-45dc-84eb-6efaaf5e8bb7","인천광역시 연수구 컨벤시아대로252번길 15"
"글로벌레인보우유치원","b549674b-3992-4624-847c-fe921a80402f","인천광역시 연수구 센트럴로 233"
"송도국제유치원","d1d340bc-2241-4b57-b23b-8b739f40da68","인천광역시 연수구 송도교육로 27"
"인천현송초등학교병설유치원","d64c5806-0029-43a1-9cf3-567a2183ec6e","인천광역시 연수구 아카데미로312번길 96"
"인천예송유치원","dc6cee1e-c256-4e62-8f50-3cafa14a1367","인천광역시 연수구 컨벤시아대로302번길 23"
"인천미송초등학교병설유치원","f146f0f0-8e7c-4768-aacf-005664c0fb5b","인천광역시 연수구 아카데미로 667"
"온누리비전유치원","1ecec08d-05cf-b044-e053-0a32095ab044","인천광역시 연수구 청량로185번길 16"
"새싹유치원","1ecec08d-05c5-b044-e053-0a32095ab044","인천광역시 연수구 청량로109번길 22"
"아름솔유치원","1ecec08c-f01a-b044-e053-0a32095ab044","인천광역시 연수구 청능대로 124"
"인천해송초등학교병설유치원","1ecec08c-f18b-b044-e053-0a32095ab044","인천광역시 연수구 인천타워대로54번길 46"
"인천축현초등학교병설유치원","1ecec08c-f420-b044-e053-0a32095ab044","인천광역시 연수구 청량로 176"
"새하늘유치원","1ecec08c-f455-b044-e053-0a32095ab044","인천광역시 연수구 원인재로 232"
"키즈월드유치원","1ecec08c-f460-b044-e053-0a32095ab044","인천광역시 연수구 원인재로 180"
"인천명선초등학교병설유치원","1ecec08c-f529-b044-e053-0a32095ab044","인천광역시 연수구 컨벤시아대로42번길 64"
"다샘유치원","1ecec08c-f5b8-b044-e053-0a32095ab044","인천광역시 연수구 먼우금로83번길 12"
"청송유치원","1ecec08c-f669-b044-e053-0a32095ab044","인천광역시 연수구 원인재로 88"
"해나라유치원","1ecec08c-f66b-b044-e053-0a32095ab044","인천광역시 연수구 새말로 21"
"인천송명초등학교병설유치원","1ecec08c-f6eb-b044-e053-0a32095ab044","인천광역시 연수구 송도교육로 19"
"인보유치원","1ecec08c-f8ad-b044-e053-0a32095ab044","인천광역시 연수구 원인재로 312"
"사랑유치원","1ecec08c-f900-b044-e053-0a32095ab044","인천광역시 연수구 선학로 100"
"미상지유치원","1ecec08c-fa5f-b044-e053-0a32095ab044","인천광역시 연수구 용담로62번길 14"
"인천신송초등학교병설유치원","1ecec08c-faec-b044-e053-0a32095ab044","인천광역시 연수구 해돋이로56번길 28"
"인천동춘초등학교병설유치원","1ecec08c-fd09-b044-e053-0a32095ab044","인천광역시 연수구 앵고개로 224"
"동화나라유치원","1ecec08c-fd57-b044-e053-0a32095ab044","인천광역시 연수구 원인재로 14"
"바다의별유치원","1ecec08c-fd58-b044-e053-0a32095ab044","인천광역시 연수구 옥련로 33"
"신도유치원","1ecec08c-fd59-b044-e053-0a32095ab044","인천광역시 연수구 먼우금로 302"
"큰별유치원","1ecec08c-ff39-b044-e053-0a32095ab044","인천광역시 연수구 원인재로 81"
"연수유치원","1ecec08d-0148-b044-e053-0a32095ab044","인천광역시 연수구 새말로 111"
"아이웰유치원","1ecec08d-026c-b044-e053-0a32095ab044","인천광역시 연수구 청량로194번길 6"
"다슬기유치원","1ecec08d-0300-b044-e053-0a32095ab044","인천광역시 연수구 새말로 134"
"참아름유치원","1ecec08d-038e-b044-e053-0a32095ab044","인천광역시 연수구 능허대로79번길 30"
"인천첨단초등학교병설유치원","fae60c0e-6166-4eaf-bbf3-dd79fe080c2e","인천광역시 연수구 송도교육로 20"
"인천장아초등학교병설유치원","01176b04-76aa-4ef4-9637-cf4e1d4dadd8","인천광역시 남동구 서창방산로 93"
"수피아유치원","1ecec08d-03f2-b044-e053-0a32095ab044","인천광역시 남동구 찬우물로29번길 12"
"인천장수초등학교병설유치원","1ecec08d-0573-b044-e053-0a32095ab044","인천광역시 남동구 담방로 121"
"인천소래초등학교병설유치원","1ecec08d-058b-b044-e053-0a32095ab044","인천광역시 남동구 장도로 2"
"복자유치원","1ecec08d-05c4-b044-e053-0a32095ab044","인천광역시 남동구 백범로247번길 47-23"
"제니스유치원","1ecec08d-063c-b044-e053-0a32095ab044","인천광역시 남동구 서창방산로 99"
"인천원동초등학교병설유치원","1ecec08d-068c-b044-e053-0a32095ab044","인천광역시 남동구 논고개로 38"
"미예뜰유치원","1ecec08d-068d-b044-e053-0a32095ab044","인천광역시 남동구 경신로 42"
"해와달유치원","1ecec08d-07a6-b044-e053-0a32095ab044","인천광역시 남동구 호구포로535번길 67"
"경희유치원","1ecec08d-095e-b044-e053-0a32095ab044","인천광역시 남동구 찬우물로 9-3"
"청담숲유치원","1ecec08d-0a17-b044-e053-0a32095ab044","인천광역시 남동구 만경로8번길 33"
"신명유치원","1ecec08d-0a18-b044-e053-0a32095ab044","인천광역시 남동구 백범로101번길 25"
"인천상아초등학교병설유치원","1ecec08d-0a21-b044-e053-0a32095ab044","인천광역시 남동구 석산로184번길 66"
"브레인유치원","1ecec08d-0afe-b044-e053-0a32095ab044","인천광역시 남동구 논고개로175번길 22-9"
"소담숲유치원","1ecec08d-0dc4-b044-e053-0a32095ab044","인천광역시 남동구 남동대로 860-1"
"삼성유치원","1ecec08d-0dc5-b044-e053-0a32095ab044","인천광역시 남동구 용천로 49"
"조은유치원","1ecec08d-0e22-b044-e053-0a32095ab044","인천광역시 남동구 인주대로 857"
"새인예유치원","1ecec08d-0e72-b044-e053-0a32095ab044","인천광역시 남동구 구월남로 52-1"
"예다원유치원","1ecec08d-0ef8-b044-e053-0a32095ab044","인천광역시 남동구 앵고개로941번길 23"
"자연발도르프유치원","1fc6dd86-ccc9-d1d2-e053-0a32095ad1d2","인천광역시 남동구 백범로297번길 26"
"프라임명지유치원","1fd6777e-14fb-e0b0-e053-0a32095ae0b0","인천광역시 남동구 방축로 482"
"인천주원초등학교병설유치원","70905504-3dff-47c8-8efa-a9c0be1f8095","인천광역시 남동구 주안로259번길 28"
"인천장서초등학교병설유치원","80a49ea7-a390-408a-ac3a-9a0b76ff3e34","인천광역시 남동구 서창남순환로 109"
"인천만수초등학교병설유치원","8d78fe25-61dd-4069-a57e-f91f4e4e09f7","인천광역시 남동구 소래로 652"
"인천구월유치원","9b067115-585f-4c9b-81e3-1a69072573ef","인천광역시 남동구 인하로 622"
"반디유치원","a7935fe4-10dd-484d-b508-1a5ddf371563","인천광역시 남동구 서창남순환로 124"
"에듀피아유치원","e64421da-365c-4536-807c-a75bd6a666e0","인천광역시 남동구 장아산로232번길 16-5"
"인천만월초등학교병설유치원","f6195f6a-466f-472f-890e-2fc0cbb297cf","인천광역시 남동구 선수촌로 28"
"인천고잔유치원","1ecec08d-031b-b044-e053-0a32095ab044","인천광역시 남동구 앵고개로815번길 71"
"에이스화인유치원","1ecec08d-020e-b044-e053-0a32095ab044","인천광역시 남동구 에코중앙로84번길 9"
"샤인유치원","1ecec08d-00f2-b044-e053-0a32095ab044","인천광역시 남동구 은봉로375번길 108"
"푸른마을유치원","1ecec08c-ed9e-b044-e053-0a32095ab044","인천광역시 남동구 용천로4번길 9-9"
"논현유치원","1ecec08c-ef6b-b044-e053-0a32095ab044","인천광역시 남동구 은봉로 177"
"인천동부초등학교병설유치원","1ecec08c-efc4-b044-e053-0a32095ab044","인천광역시 남동구 만수서로33번길 25"
"인천서창초등학교병설유치원","1ecec08c-eff2-b044-e053-0a32095ab044","인천광역시 남동구 장아산로174번길 8"
"동심유치원","1ecec08c-f019-b044-e053-0a32095ab044","인천광역시 남동구 성말로35번길 61"
"인천한빛초등학교병설유치원","1ecec08c-f0fa-b044-e053-0a32095ab044","인천광역시 남동구 서창남순환로 190-28"
"기암유치원","1ecec08c-f187-b044-e053-0a32095ab044","인천광역시 남동구 서판로 43"
"해돋이유치원","1ecec08c-f196-b044-e053-0a32095ab044","인천광역시 남동구 백범로281번길 3"
"인천고잔초등학교병설유치원","1ecec08c-f197-b044-e053-0a32095ab044","인천광역시 남동구 아암대로1503번길 48"
"프라임예지유치원","1ecec08c-f198-b044-e053-0a32095ab044","인천광역시 남동구 에코중앙로 192"
"간석유치원","1ecec08c-f3fc-b044-e053-0a32095ab044","인천광역시 남동구 석산로220번길 18"
"인천간석초등학교병설유치원","1ecec08c-f3fd-b044-e053-0a32095ab044","인천광역시 남동구 석산로208번길 37"
"참조은유치원","1ecec08c-f528-b044-e053-0a32095ab044","인천광역시 남동구 구월로137번길 65 "
"인천정각초등학교병설유치원","1ecec08c-f5c0-b044-e053-0a32095ab044","인천광역시 남동구 구월로 228"
"인천구월서초등학교병설유치원","1ecec08c-f8ae-b044-e053-0a32095ab044","인천광역시 남동구 문화서로77번길 14"
"인천논곡초등학교병설유치원","1ecec08c-f8af-b044-e053-0a32095ab044","인천광역시 남동구 함박뫼로 429"
"인천인동초등학교병설유치원","1ecec08c-f8b0-b044-e053-0a32095ab044","인천광역시 남동구 백범로248번길 38"
"인천도림초등학교병설유치원","1ecec08c-f8d5-b044-e053-0a32095ab044","인천광역시 남동구 논고개로334번길 21"
"행복한유치원","1ecec08c-fa67-b044-e053-0a32095ab044","인천광역시 남동구 포구로 64 -14"
"인천동방초등학교병설유치원","1ecec08c-faeb-b044-e053-0a32095ab044","인천광역시 남동구 논현역로 31"
"아삽유치원","1ecec08c-fb54-b044-e053-0a32095ab044","인천광역시 남동구 백범로247번길 58"
"인천신월초등학교병설유치원","1ecec08c-fd2b-b044-e053-0a32095ab044","인천광역시 남동구 인주대로776번길 14"
"인천사리울초등학교병설유치원","1ecec08c-fe25-b044-e053-0a32095ab044","인천광역시 남동구 아암대로1437번길 50"
"인천장도초등학교병설유치원","1ecec08c-ff32-b044-e053-0a32095ab044","인천광역시 남동구 포구로 112"
"해승유치원","1ecec08c-ff3b-b044-e053-0a32095ab044","인천광역시 남동구 석정로539번길 41"
"꿈의보람유치원","1ecec08d-00f0-b044-e053-0a32095ab044","인천광역시 남동구 인주대로721번길 56"
"새예지유치원","1ecec08d-00f1-b044-e053-0a32095ab044","인천광역시 남동구 용천로 50"
"아이큰별유치원","f848dbf4-1c90-414e-8f36-68dcd83d0f6f","인천광역시 남동구 선수촌공원로 56"
"인천청천초등학교병설유치원","040515d5-8e01-4867-965d-9b15e32e7284","인천광역시 부평구 산청로127번길 10"
"인천금마초등학교병설유치원","1ecec08d-030f-b044-e053-0a32095ab044","인천광역시 부평구 일신로 88"
"인천부평북초등학교병설유치원","1ecec08d-0320-b044-e053-0a32095ab044","인천광역시 부평구 주부토로 292"
"꿈나라유치원","1ecec08d-0392-b044-e053-0a32095ab044","인천광역시 부평구 안남로 272"
"이노필유치원","1ecec08d-04fd-b044-e053-0a32095ab044","인천광역시 부평구 수변로 64"
"동심유치원","1ecec08d-0579-b044-e053-0a32095ab044","인천광역시 부평구 원적로416번길 38"
"청담유치원","1ecec08d-068f-b044-e053-0a32095ab044","인천광역시 부평구 동수천로 70"
"파란꿈숲유치원","1ecec08d-0731-b044-e053-0a32095ab044","인천광역시 부평구 갈월동로 45"
"인천진산초등학교병설유치원","1ecec08d-079d-b044-e053-0a32095ab044","인천광역시 부평구 굴포로 194-10"
"프렌즈유치원","1ecec08d-093a-b044-e053-0a32095ab044","인천광역시 부평구 주부토로 201"
"열림유치원","1ecec08d-093b-b044-e053-0a32095ab044","인천광역시 부평구 일신로14번길 23"
"무지개유치원","1ecec08d-095d-b044-e053-0a32095ab044","인천광역시 부평구 안남로41번길 3"
"산곡유치원","1ecec08d-09c7-b044-e053-0a32095ab044","인천광역시 부평구 마장로 121"
"인천부광초등학교병설유치원","1ecec08d-09d6-b044-e053-0a32095ab044","인천광역시 부평구 충선로 104"
"꿈나무유치원","1ecec08d-09df-b044-e053-0a32095ab044","인천광역시 부평구 동수로120번길 11"
"The큰빛유치원","1ecec08d-0a2f-b044-e053-0a32095ab044","인천광역시 부평구 장제로195번길 42"
"숲속유치원","1ecec08d-0b9c-b044-e053-0a32095ab044","인천광역시 부평구 산청로17번길 77-1"
"인천부평남초등학교병설유치원","1ecec08d-0ba7-b044-e053-0a32095ab044","인천광역시 부평구 경인로911번길 28"
"인천부평동초등학교병설유치원","1ecec08d-0ba8-b044-e053-0a32095ab044","인천광역시 부평구 부평대로88번길 19"
"인천갈월초등학교병설유치원","1ecec08d-0d9d-b044-e053-0a32095ab044","인천광역시 부평구 주부토로 165"
"열우물유치원","1ecec08d-0d9e-b044-e053-0a32095ab044","인천광역시 부평구 아트센터로 118"
"연세유치원","1ecec08d-0da5-b044-e053-0a32095ab044","인천광역시 부평구 세월천로 16"
"인천부마초등학교병설유치원","1ecec08d-0e38-b044-e053-0a32095ab044","인천광역시 부평구 안남로253번길 41"
"햇살유치원","1ecec08d-0e43-b044-e053-0a32095ab044","인천광역시 부평구 안남로 260"
"인천산곡초등학교병설유치원","1ecec08d-0e44-b044-e053-0a32095ab044","인천광역시 부평구 길주로354번길 39"
"은현유치원","1ecec08d-0e79-b044-e053-0a32095ab044","인천광역시 부평구 길주남로125번길 12"
"드림유치원","566e2933-a1bf-47c9-8482-545802ad109f","인천광역시 부평구 충선로 158"
"이든유치원","8e1f3f1d-9b15-4242-b884-202964b2c6e0","인천광역시 부평구 부개로 58"
"인천마곡초등학교병설유치원","b337b87d-7373-4f9f-97b9-2ed53c5a8374","인천광역시 부평구 마곡로27번길 16"
"삼산유치원","1ecec08d-030e-b044-e053-0a32095ab044","인천광역시 부평구 충선로311번길 25-14"
"인천부원초등학교병설유치원","1ecec08d-020c-b044-e053-0a32095ab044","인천광역시 부평구 원적로472번길 29"
"인천굴포초등학교병설유치원","1ecec08d-016b-b044-e053-0a32095ab044","인천광역시 부평구 충선로234번길 19"
"인천용마초등학교병설유치원","1ecec08c-ed1f-b044-e053-0a32095ab044","인천광역시 부평구 세월천로30번길 58"
"한빛유치원","1ecec08c-ed20-b044-e053-0a32095ab044","인천광역시 부평구 부흥로123번길 36"
"근산유치원","1ecec08c-efe3-b044-e053-0a32095ab044","인천광역시 부평구 영성중로 53"
"이화유치원","1ecec08c-efe4-b044-e053-0a32095ab044","인천광역시 부평구 원적로 361"
"인천한길초등학교병설유치원","1ecec08c-efe7-b044-e053-0a32095ab044","인천광역시 부평구 영성중로 32"
"인천후정초등학교병설유치원","1ecec08c-eff1-b044-e053-0a32095ab044","인천광역시 부평구 영성서로 56"
"인천미산초등학교병설유치원","1ecec08c-f37b-b044-e053-0a32095ab044","인천광역시 부평구 원적로 391"
"새빛솔금유치원","1ecec08c-f37c-b044-e053-0a32095ab044","인천광역시 부평구 주부토로 146"
"정민유치원","1ecec08c-f467-b044-e053-0a32095ab044","인천광역시 부평구 부흥로111번길 51"
"인천부평서초등학교병설유치원","1ecec08c-f5df-b044-e053-0a32095ab044","인천광역시 부평구 부평문화로53번길 19"
"인천동암초등학교병설유치원","1ecec08c-f8c0-b044-e053-0a32095ab044","인천광역시 부평구 동암남로35번길 4"
"인천부개초등학교병설유치원","1ecec08c-f8c1-b044-e053-0a32095ab044","인천광역시 부평구 마분로 9"
"해마루유치원","1ecec08c-f90b-b044-e053-0a32095ab044","인천광역시 부평구 일신로 120"
"인천상정초등학교병설유치원","1ecec08c-f90c-b044-e053-0a32095ab044","인천광역시 부평구 상정로 50"
"경희동화나라유치원","1ecec08c-fa69-b044-e053-0a32095ab044","인천광역시 부평구 부흥로327번길 13"
"청송유치원","1ecec08c-fa75-b044-e053-0a32095ab044","인천광역시 부평구 부평문화로 37"
"인천백운초등학교병설유치원","1ecec08c-fc6f-b044-e053-0a32095ab044","인천광역시 부평구 아트센터로 130"
"성심유치원","1ecec08c-fc7c-b044-e053-0a32095ab044","인천광역시 부평구 부흥로 323"
"엄지유치원","1ecec08c-fc7f-b044-e053-0a32095ab044","인천광역시 부평구 부일로 111"
"현대유치원","1ecec08c-fd20-b044-e053-0a32095ab044","인천광역시 부평구 갈월동로 66"
"청원유치원","1ecec08c-feb6-b044-e053-0a32095ab044","인천광역시 부평구 화랑로47번길 61"
"인천영선초등학교병설유치원","1ecec08c-ff31-b044-e053-0a32095ab044","인천광역시 부평구 충선로 293"
"성아유치원","1ecec08d-00d2-b044-e053-0a32095ab044","인천광역시 부평구 마장로 48"
"아란유치원","1ecec08d-00d4-b044-e053-0a32095ab044","인천광역시 부평구 안남로 91"
"예원유치원","1ecec08d-00ef-b044-e053-0a32095ab044","인천광역시 부평구 충선로 262"
"인천부개서초등학교병설유치원","1ecec08d-015a-b044-e053-0a32095ab044","인천광역시 부평구 부일로 39"
"인천부일초등학교병설유치원","1ecec08d-015b-b044-e053-0a32095ab044","인천광역시 부평구 부흥북로 175"
"홍익유치원","1ecec08d-0162-b044-e053-0a32095ab044","인천광역시 부평구 길주로494번길 12"
"이바유치원","dc6e7a31-4a2e-48f1-85be-d6eb10fa0f4b","인천광역시 부평구 마장로168번길 17"
"인천안산초등학교병설유치원","028a59d7-b44f-4ab1-a7f7-2ecc146ddae9","인천광역시 계양구 임학서로 15"
"인천명현초등학교병설유치원","1ecec08d-00ca-b044-e053-0a32095ab044","인천광역시 계양구 봉오대로569번길 10"
"석화유치원","1ecec08d-00d1-b044-e053-0a32095ab044","인천광역시 계양구 도두리로 68"
"인천양촌초등학교병설유치원","1ecec08d-0310-b044-e053-0a32095ab044","인천광역시 계양구 장제로 954"
"경인여자대학교부속유치원","1ecec08d-04fe-b044-e053-0a32095ab044","인천광역시 계양구 계양산로 63"
"마리아유치원","1ecec08d-057a-b044-e053-0a32095ab044","인천광역시 계양구 임학서로42번길 17"
"미래유치원","1ecec08d-057b-b044-e053-0a32095ab044","인천광역시 계양구 주부토로363번길 27"
"산들유치원","1ecec08d-057c-b044-e053-0a32095ab044","인천광역시 계양구 역골로119번길 17"
"인천해서초등학교병설유치원","1ecec08d-079e-b044-e053-0a32095ab044","인천광역시 계양구 계산로 42-1"
"영광유치원","1ecec08d-093c-b044-e053-0a32095ab044","인천광역시 계양구 안남로 596"
"정원유치원","1ecec08d-0baa-b044-e053-0a32095ab044","인천광역시 계양구 봉오대로743번길 20"
"밀알유치원","1ecec08d-0e30-b044-e053-0a32095ab044","인천광역시 계양구 임학서로45번길 5"
"상아유치원","1ecec08d-0e32-b044-e053-0a32095ab044","인천광역시 계양구 장제로 878"
"해승유치원","1ecec08d-0e42-b044-e053-0a32095ab044","인천광역시 계양구 도두리로 54"
"인천부현초등학교병설유치원","2fdf6aec-3d75-40c0-b92a-d4eddafdc8c9","인천광역시 계양구 장제로755번길 30"
"계양유치원","51d93fa8-5892-4343-a7ab-1fb53b0d7a30","인천광역시 계양구 계양산로193번길 20"
"인천당산초등학교병설유치원","1ecec08c-ff30-b044-e053-0a32095ab044","인천광역시 계양구 동양로 122"
"자연유치원","1ecec08c-feb4-b044-e053-0a32095ab044","인천광역시 계양구 봉오대로477번길 18"
"인천화전유치원","1ecec08c-ee0a-b044-e053-0a32095ab044","인천광역시 계양구 효서로 314"
"보나유치원","1ecec08c-efd1-b044-e053-0a32095ab044","인천광역시 계양구 효서로 393"
"인천계양초등학교병설유치원","1ecec08c-efdc-b044-e053-0a32095ab044","인천광역시 계양구 장제로 1288"
"인천귤현초등학교병설유치원","1ecec08c-eff5-b044-e053-0a32095ab044","인천광역시 계양구 귤현길 15"
"인천길주초등학교병설유치원","1ecec08c-f090-b044-e053-0a32095ab044","인천광역시 계양구 용종로 90"
"인천안남초등학교병설유치원","1ecec08c-f091-b044-e053-0a32095ab044","인천광역시 계양구 경명대로1114번길 26"
"예림유치원","1ecec08c-f092-b044-e053-0a32095ab044","인천광역시 계양구 아나지로197번길 4"
"노틀담유치원","1ecec08c-f21f-b044-e053-0a32095ab044","인천광역시 계양구 계양산로35번길 12-37"
"인천성지초등학교병설유치원","1ecec08c-f37d-b044-e053-0a32095ab044","인천광역시 계양구 아나지로247번길 8"
"예소담유치원","1ecec08c-f3a0-b044-e053-0a32095ab044","인천광역시 계양구 양지말2길 7"
"보람유치원","1ecec08c-f850-b044-e053-0a32095ab044","인천광역시 계양구 장제로928번길 23"
"서해유치원","1ecec08c-f8b5-b044-e053-0a32095ab044","인천광역시 계양구 계산로 152"
"예그랑유치원","1ecec08c-f8ba-b044-e053-0a32095ab044","인천광역시 계양구 안남로554번길 25"
"인천서운초등학교병설유치원","1ecec08c-fc70-b044-e053-0a32095ab044","인천광역시 계양구 서운로 12"
"인천소양초등학교병설유치원","1ecec08c-feb3-b044-e053-0a32095ab044","인천광역시 계양구 박촌로 53"
"사랑나무유치원","f1dd91b9-cdbc-4906-a5f8-96817e082e2d","인천광역시 계양구 임학안로6번길 7"
"인천검단꿈유치원","09171666-87e3-4dbf-9a7a-a325bbb98806","인천광역시 서구 이음1로 350"
"경서유치원","1ecec08d-0c86-b044-e053-0a32095ab044","인천광역시 서구 경서로56번길 7-2"
"인천능내초등학교병설유치원","1ecec08d-0c18-b044-e053-0a32095ab044","인천광역시 서구 검단로540번길 23"
"인천석남초등학교병설유치원","1ecec08d-0ba9-b044-e053-0a32095ab044","인천광역시 서구 서달로130번길 4"
"꿈드림유치원","1ecec08d-0b9b-b044-e053-0a32095ab044","인천광역시 서구 장고개로280번길 7-1"
"인천완정초등학교병설유치원","1ecec08d-0b92-b044-e053-0a32095ab044","인천광역시 서구 완정로 99"
"프라임청라유치원","1ecec08d-0a31-b044-e053-0a32095ab044","인천광역시 서구 청라한울로59번길 5"
"인천경명초등학교병설유치원","1ecec08d-0a2d-b044-e053-0a32095ab044","인천광역시 서구 크리스탈로 130"
"한울유치원","1ecec08d-09de-b044-e053-0a32095ab044","인천광역시 서구 서곶로 818"
"인천검단초등학교병설유치원","1ecec08d-09d4-b044-e053-0a32095ab044","인천광역시 서구 마전로115번길 24"
"예일유치원","1ecec08d-09d3-b044-e053-0a32095ab044","인천광역시 서구 장고개로337번길 12"
"산울림유치원","1ecec08d-09c8-b044-e053-0a32095ab044","인천광역시 서구 봉수대로 1548-15"
"다은유치원","1ecec08d-0806-b044-e053-0a32095ab044","인천광역시 서구 청중로478번길 9"
"희망찬유치원","1ecec08d-07a7-b044-e053-0a32095ab044","인천광역시 서구 단봉로139번길 3-2"
"인천가정초등학교병설유치원","1ecec08d-0639-b044-e053-0a32095ab044","인천광역시 서구 장고개로 336-1"
"인천신현북초등학교병설유치원","1ecec08d-0638-b044-e053-0a32095ab044","인천광역시 서구 원창로 147"
"인천당하초등학교병설유치원","1ecec08d-0583-b044-e053-0a32095ab044","인천광역시 서구 청마로 144"
"인천금곡초등학교병설유치원","1ecec08d-0582-b044-e053-0a32095ab044","인천광역시 서구 완정로228번길 19"
"리라유치원","1ecec08d-0383-b044-e053-0a32095ab044","인천광역시 서구 원당대로839번안길 6"
"인천은지초등학교병설유치원","1ecec08d-0382-b044-e053-0a32095ab044","인천광역시 서구 승학로572번길 22"
"인천봉수초등학교병설유치원","1ecec08d-020d-b044-e053-0a32095ab044","인천광역시 서구 봉오대로267번길 11-4"
"큰사랑유치원","1ecec08d-0d9c-b044-e053-0a32095ab044","인천광역시 서구 완정로64번길 7"
"뿌리유치원","1ecec08d-0e31-b044-e053-0a32095ab044","인천광역시 서구 강남로 1"
"인천해든초등학교병설유치원","eb1688e9-2124-479c-8481-2b172a2e4ae2","인천광역시 서구 서로3로 60"
"인천아라초등학교병설유치원","cd9df4ab-6bb2-4a43-ba77-cc26bca57371","인천광역시 서구 서로2로 42"
"인천아람초등학교병설유치원","bda5136a-12ec-46e5-b477-5117f76624b1","인천광역시 서구 이음1로 289"
"인천아라꿈유치원","b4404be1-1beb-4154-8ada-4f8c37cb749e","인천광역시 서구 서로2로 28"
"인천이음초등학교병설유치원","9396c34f-9bf3-4b6b-9895-0c3017f4d274","인천광역시 서구 이음1로 447"
"인천서곶초등학교병설유치원","907f4f36-1fcf-4f9a-a318-5325a96cb334","인천광역시 서구 대평로56번길 9"
"인천경연초등학교병설유치원","8e8864ec-6fc2-44d9-b9c3-b011bd3165c7","인천광역시 서구 차오름로 64"
"세라유치원","887f8c27-2101-4844-a3ef-5ed134ba529b","인천광역시 서구 경서로 80"
"인천서로꿈유치원","74b73279-0cd0-40ed-938d-0d1ea5adfb42","인천광역시 서구 당곡로24번안길 22"
"인천한별초등학교병설유치원","71e00d09-e9bf-4ca6-b122-d57f9371d298","인천광역시 서구 서로3로 201"
"인천백석초등학교병설유치원","69a3e795-426a-4f10-8403-430ac5e69873","인천광역시 서구 청마로 55"
"인천검단나래유치원","63a230bc-cc5f-437a-8fa2-5e2ddb97db1a","인천광역시 서구 고산후로310번길 16"
"일영유치원","53264948-e537-4c39-a5b7-780729b8c3dd","인천광역시 서구 고산로45번길 4"
"인천푸른빛유치원","41fa5f04-6407-4870-9daa-e112198cd2fa","인천광역시 서구 청라한내로 145"
"인천서현유치원","3526a83f-21be-4efc-8de5-d9bb6c307609","인천광역시 서구 새오개로111번안길 7"
"예빛유치원","301ce14b-30aa-4d2d-be5c-7f417f2791c8","인천광역시 서구 경서로32번길 18"
"인천가원초등학교병설유치원","27694cdf-c96d-4ed5-8304-d8502a7a958c","인천광역시 서구 청중로478번길 6"
"인천청라초등학교병설유치원","1ecec08d-0f51-b044-e053-0a32095ab044","인천광역시 서구 청라에메랄드로 139"
"엔젤유치원","1ecec08d-0ef9-b044-e053-0a32095ab044","인천광역시 서구 청라커낼로 163"
"산새소리유치원","1ecec08d-0e7b-b044-e053-0a32095ab044","인천광역시 서구 서달로 198"
"드림유치원","1ecec08d-020b-b044-e053-0a32095ab044","인천광역시 서구 청라커낼로223번길 13"
"인천간재울초등학교병설유치원","1ecec08d-016a-b044-e053-0a32095ab044","인천광역시 서구 승학로 433"
"인천원당초등학교병설유치원","1ecec08c-f659-b044-e053-0a32095ab044","인천광역시 서구 원당대로820번길 16"
"인천불로초등학교병설유치원","1ecec08c-f5e0-b044-e053-0a32095ab044","인천광역시 서구 검단로744번1길 50"
"경인무지개유치원","1ecec08c-f4d0-b044-e053-0a32095ab044","인천광역시 서구 건지로318번안길 7"
"인천청일초등학교병설유치원","1ecec08c-f468-b044-e053-0a32095ab044","인천광역시 서구 크리스탈로 46"
"아이사랑유치원","1ecec08c-f461-b044-e053-0a32095ab044","인천광역시 서구 도요지로201번길 12"
"인천경서초등학교병설유치원","1ecec08c-f428-b044-e053-0a32095ab044","인천광역시 서구 경서로31번길 31"
"명문유치원","1ecec08c-f407-b044-e053-0a32095ab044","인천광역시 서구 고산로 16"
"바다유치원","1ecec08c-f3a1-b044-e053-0a32095ab044","인천광역시 서구 염곡로311번길 7"
"인천검암유치원","1ecec08c-f27a-b044-e053-0a32095ab044","인천광역시 서구 승학로599번길 45"
"꼬마정원유치원","1ecec08c-f279-b044-e053-0a32095ab044","인천광역시 서구 봉화로15번길 11-7"
"무지개유치원","1ecec08c-f18c-b044-e053-0a32095ab044","인천광역시 서구 검단로487번길 52-1"
"인천청람초등학교병설유치원","1ecec08c-f0f9-b044-e053-0a32095ab044","인천광역시 서구 청라커낼로 336"
"인천해원초등학교병설유치원","1ecec08c-f028-b044-e053-0a32095ab044","인천광역시 서구 청라사파이어로140번길 6"
"사랑샘유치원","1ecec08c-f027-b044-e053-0a32095ab044","인천광역시 서구 원당대로820번2길 5"
"해나라유치원","1ecec08c-eff4-b044-e053-0a32095ab044","인천광역시 서구 고산후로161번안길 35"
"인천가현초등학교병설유치원","1ecec08c-efe6-b044-e053-0a32095ab044","인천광역시 서구 염곡로 417"
"은하유치원","1ecec08c-efdb-b044-e053-0a32095ab044","인천광역시 서구 완정로10번길 20"
"한샘유치원","1ecec08c-ed21-b044-e053-0a32095ab044","인천광역시 서구 율도로15번길 26-9"
"인천가석초등학교병설유치원","1ea47a14-024e-4b8b-8d8d-060437609c8d","인천광역시 서구 서달로 174"
"인천도담초등학교병설유치원","190c0d94-abe3-440d-9f3a-eaa409c15c2e","인천광역시 서구 청라커낼로 217"
"인천마전초등학교병설유치원","1ecec08c-f829-b044-e053-0a32095ab044","인천광역시 서구 완정로34번길 23"
"새한신유치원","1ecec08c-f8b4-b044-e053-0a32095ab044","인천광역시 서구 여우재로 129"
"예지유치원","1ecec08d-0159-b044-e053-0a32095ab044","인천광역시 서구 검단로 836"
"청라새싹유치원","1ecec08d-00f3-b044-e053-0a32095ab044","인천광역시 서구 용두산로26번길 14-5"
"연희유치원","1ecec08d-00d6-b044-e053-0a32095ab044","인천광역시 서구 탁옥로85번길 6"
"에녹유치원","1ecec08d-00d5-b044-e053-0a32095ab044","인천광역시 서구 원창로 180"
"재은유치원","1ecec08c-feb5-b044-e053-0a32095ab044","인천광역시 서구 완정로34번길 20"
"인천공촌초등학교병설유치원","1ecec08c-fe26-b044-e053-0a32095ab044","인천광역시 서구 심곡로188번길 21"
"인천초은초등학교병설유치원","1ecec08c-fe24-b044-e053-0a32095ab044","인천광역시 서구 청라에메랄드로 33"
"인천건지초등학교병설유치원","1ecec08c-fd67-b044-e053-0a32095ab044","인천광역시 서구 건지로318번길 39"
"인천봉화초등학교병설유치원","1ecec08c-fd2c-b044-e053-0a32095ab044","인천광역시 서구 건지로250번길 43"
"인천발산초등학교병설유치원","1ecec08c-fd2a-b044-e053-0a32095ab044","인천광역시 서구 고산후로78번길 6"
"인천신석초등학교병설유치원","1ecec08c-fd29-b044-e053-0a32095ab044","인천광역시 서구 새오개로 9"
"아림유치원","1ecec08c-fc7d-b044-e053-0a32095ab044","인천광역시 서구 장고개로 375-11"
"인천양지초등학교병설유치원","1ecec08c-fc73-b044-e053-0a32095ab044","인천광역시 서구 승학로197번길 11"
"인천목향초등학교병설유치원","1ecec08c-fc72-b044-e053-0a32095ab044","인천광역시 서구 고산후로 377"
"예인유치원","1ecec08c-faed-b044-e053-0a32095ab044","인천광역시 서구 원당대로819번길 3"
"인천왕길초등학교병설유치원","1ecec08c-faea-b044-e053-0a32095ab044","인천광역시 서구 봉수대로1440번길 20"
"인천창신초등학교병설유치원","1ecec08c-fa74-b044-e053-0a32095ab044","인천광역시 서구 고산후로161번길 6"
"청라유치원","1ecec08c-f915-b044-e053-0a32095ab044","인천광역시 서구 솔빛로 68"
"인천가림초등학교병설유치원","1ecec08c-f8d6-b044-e053-0a32095ab044","인천광역시 서구 장고개로293번길 29"
"인천단봉초등학교병설유치원","1ecec08c-f8bf-b044-e053-0a32095ab044","인천광역시 서구 단봉로 122"
"인천한들초등학교병설유치원","faa7426d-89f6-476f-ba34-4ea32c5f8350","인천광역시 서구 한중로 25"
"코끼리유치원","1ecec08c-efe2-b044-e053-0a32095ab044","인천광역시 강화군 충렬사로 52-2"
"마니산유치원","1ecec08d-0afd-b044-e053-0a32095ab044","인천광역시 강화군 강화남로 510-1"
"선원초등학교병설유치원","1ecec08d-098a-b044-e053-0a32095ab044","인천광역시 강화군 강화동로 924"
"삼산초등학교병설유치원","1ecec08d-0989-b044-e053-0a32095ab044","인천광역시 강화군 삼산북로 451"
"갑룡초등학교병설유치원","1ecec08d-0812-b044-e053-0a32095ab044","인천광역시 강화군 갑룡길 88"
"서도초등학교병설유치원","1ecec08d-079f-b044-e053-0a32095ab044","인천광역시 강화군 주문도길 173"
"송해초등학교병설유치원","1ecec08d-0547-b044-e053-0a32095ab044","인천광역시 강화군 전망대로 93-12"
"합일초등학교병설유치원","1ecec08d-0116-b044-e053-0a32095ab044","인천광역시 강화군 합일길 3"
"양사초등학교병설유치원","1ecec08d-0115-b044-e053-0a32095ab044","인천광역시 강화군 덕하로 145"
"내가초등학교병설유치원","1ecec08c-ffb6-b044-e053-0a32095ab044","인천광역시 강화군 강화서로 264"
"하점초등학교병설유치원","1ecec08c-fcd0-b044-e053-0a32095ab044","인천광역시 강화군 강화대로 1190"
"잠두유치원","1ecec08c-fc6e-b044-e053-0a32095ab044","인천광역시 강화군 청하동길 36"
"강화초등학교병설유치원","1ecec08c-fb5c-b044-e053-0a32095ab044","인천광역시 강화군 북문길 36"
"해명초등학교병설유치원","1ecec08c-f87b-b044-e053-0a32095ab044","인천광역시 강화군 삼산남로 345"
"대월초등학교병설유치원","1ecec08c-f87a-b044-e053-0a32095ab044","인천광역시 강화군 대월로 216"
"강화유치원","1ecec08c-f37a-b044-e053-0a32095ab044","인천광역시 강화군 관청길10번길 7"
"교동초등학교병설유치원","1ecec08c-f285-b044-e053-0a32095ab044","인천광역시 강화군 대룡안길29번길 29"
"명신초등학교병설유치원","1ecec08d-0deb-b044-e053-0a32095ab044","인천광역시 강화군 강화서로560번길 22"
"연평초등학교병설유치원","1ecec08c-f0f3-b044-e053-0a32095ab044","인천광역시 옹진군 연평로137번길 101"
"인천삼목초등학교장봉분교장병설유치원","1ecec08c-f193-b044-e053-0a32095ab044","인천광역시 옹진군 장봉로 553"
"북포초등학교병설유치원","1ecec08c-f9ce-b044-e053-0a32095ab044","인천광역시 옹진군 가을길 117"
"영흥초등학교병설유치원","1ecec08c-fa64-b044-e053-0a32095ab044","인천광역시 옹진군 영흥로 440-8"
"인천공항초등학교신도분교장병설유치원","1ecec08c-fae9-b044-e053-0a32095ab044","인천광역시 옹진군 신도로896번길 18-31"
"대청초등학교병설유치원","1ecec08c-fe1f-b044-e053-0a32095ab044","인천광역시 옹진군 대청로244번길 110"
"덕적초등학교병설유치원","1ecec08d-0265-b044-e053-0a32095ab044","인천광역시 옹진군 덕적남로 15"
"백령성모유치원","1ecec08d-0311-b044-e053-0a32095ab044","인천광역시 옹진군 백령로254번길 66"
"인천용현남초등학교자월분교장병설유치원","1ecec08d-0fd1-b044-e053-0a32095ab044","인천광역시 옹진군 자월서로 177"
"인천남부초등학교이작분교장병설유치원","c84300cb-6736-45d1-97ce-6fe1a0e1cd37","인천광역시 옹진군 자월면 대이작로 60"